id,product,category,price,quantity,date,region
1,Mouse,Electronics,69279,13,2024-06-25,India
2,Monitor,Electronics,44375,10,2024-07-10,UK
3,Keyboard,Electronics,27052,20,2024-10-10,India
4,Laptop,Electronics,47387,1,2024-04-24,USA
5,Laptop,Electronics,49094,9,2024-06-08,India
6,Phone,Electronics,23957,2,2024-02-04,USA
7,Monitor,Electronics,4457,9,2024-09-24,India
8,Mouse,Electronics,7391,3,2024-04-02,USA
9,Chair,Furniture,28317,3,2024-09-27,UK
10,Laptop,Electronics,43533,6,2024-07-31,UK
11,Laptop,Electronics,12929,10,2024-06-15,India
12,Chair,Furniture,67535,9,2024-09-10,UK
13,Mouse,Electronics,24754,18,2024-05-08,UK
14,Monitor,Electronics,53366,6,2024-06-14,Germany
15,Mouse,Electronics,30326,13,2024-06-07,India
16,Phone,Electronics,21715,13,2024-02-08,UK
17,Mouse,Electronics,29327,20,2024-01-12,USA
18,Monitor,Electronics,76871,6,2024-04-27,USA
19,Phone,Electronics,72736,1,2024-03-30,Germany
20,Mouse,Electronics,66161,9,2024-07-31,USA
21,Mouse,Electronics,68023,13,2024-07-20,Germany
22,Phone,Electronics,46631,20,2024-03-18,India
23,Keyboard,Electronics,75900,7,2024-10-19,USA
24,Table,Furniture,11407,8,2024-06-28,USA
25,Chair,Furniture,8043,3,2024-06-22,Germany
26,Table,Furniture,40059,16,2024-04-20,India
27,Table,Furniture,33109,16,2024-04-05,USA
28,Phone,Electronics,2101,13,2024-10-06,UK
29,Mouse,Electronics,25749,15,2024-04-27,Germany
30,Chair,Furniture,62651,15,2024-10-10,India
31,Monitor,Electronics,34507,2,2024-07-03,UK
32,Mouse,Electronics,29495,19,2024-11-19,USA
33,Headphones,Electronics,69660,9,2024-08-02,Germany
34,Laptop,Electronics,43655,15,2024-10-02,Germany
35,Keyboard,Electronics,58831,7,2024-10-26,USA
36,Chair,Furniture,75511,1,2024-12-07,UK
37,Mouse,Electronics,1276,13,2024-08-31,UK
38,Table,Furniture,66707,6,2024-05-25,India
39,Chair,Furniture,13757,18,2024-04-11,Germany
40,Mouse,Electronics,33880,4,2024-09-25,USA
41,Chair,Furniture,77234,13,2024-11-11,India
42,Chair,Furniture,34966,9,2024-01-25,USA
43,Phone,Electronics,29134,9,2024-10-20,UK
44,Monitor,Electronics,34465,18,2024-10-24,USA
45,Phone,Electronics,49263,8,2024-01-24,UK
46,Chair,Furniture,25170,10,2024-04-01,Germany
47,Phone,Electronics,14819,11,2024-11-07,Germany
48,Laptop,Electronics,75472,15,2024-05-20,Germany
49,Headphones,Electronics,22748,14,2024-01-07,USA
50,Mouse,Electronics,6956,14,2024-12-31,India
51,Headphones,Electronics,64699,8,2024-11-02,UK
52,Laptop,Electronics,12080,12,2024-02-25,India
53,Table,Furniture,12080,2,2024-12-12,USA
54,Monitor,Electronics,4574,3,2024-03-10,UK
55,Headphones,Electronics,77034,6,2024-12-07,UK
56,Phone,Electronics,53557,1,2024-06-10,UK
57,Keyboard,Electronics,24436,14,2024-08-30,UK
58,Mouse,Electronics,78894,5,2024-11-17,UK
59,Monitor,Electronics,64284,5,2024-12-07,Germany
60,Table,Furniture,43238,9,2024-08-02,USA
61,Monitor,Electronics,56385,5,2024-11-07,UK
62,Chair,Furniture,60626,8,2024-06-11,UK
63,Monitor,Electronics,63747,3,2024-09-29,USA
64,Phone,Electronics,17940,5,2024-10-01,UK
65,Mouse,Electronics,28744,13,2024-08-24,Germany
66,Headphones,Electronics,65255,6,2024-02-02,Germany
67,Chair,Furniture,53575,3,2024-08-29,Germany
68,Keyboard,Electronics,50511,13,2024-09-12,India
69,Headphones,Electronics,62910,13,2024-04-10,UK
70,Keyboard,Electronics,15938,13,2024-06-30,Germany
71,Chair,Furniture,58803,17,2024-02-03,Germany
72,Keyboard,Electronics,7330,13,2024-04-18,India
73,Laptop,Electronics,27862,6,2024-04-19,USA
74,Keyboard,Electronics,44156,5,2024-12-28,Germany
75,Table,Furniture,72469,7,2024-01-30,India
76,Monitor,Electronics,51271,9,2024-07-13,UK
77,Laptop,Electronics,56991,11,2024-12-06,UK
78,Mouse,Electronics,5341,1,2024-10-27,India
79,Laptop,Electronics,64618,16,2024-09-05,Germany
80,Table,Furniture,1487,15,2024-05-05,UK
81,Mouse,Electronics,31766,11,2024-02-09,UK
82,Keyboard,Electronics,55331,18,2024-01-14,Germany
83,Keyboard,Electronics,61440,17,2024-07-11,UK
84,Laptop,Electronics,10069,9,2024-05-10,USA
85,Chair,Furniture,21439,3,2024-06-21,India
86,Keyboard,Electronics,37621,12,2024-06-01,UK
87,Chair,Furniture,22591,13,2024-07-31,UK
88,Headphones,Electronics,68047,16,2024-04-05,USA
89,Chair,Furniture,20805,17,2024-08-21,UK
90,Mouse,Electronics,7302,11,2024-05-24,Germany
91,Chair,Furniture,68302,9,2024-05-28,India
92,Headphones,Electronics,40891,18,2024-06-12,Germany
93,Phone,Electronics,26188,4,2024-12-30,India
94,Mouse,Electronics,42935,4,2024-11-07,USA
95,Keyboard,Electronics,25139,4,2024-02-08,USA
96,Monitor,Electronics,38703,18,2024-12-12,UK
97,Mouse,Electronics,57237,5,2024-08-19,UK
98,Chair,Furniture,5196,20,2024-03-08,Germany
99,Keyboard,Electronics,18831,20,2024-01-02,Germany
100,Laptop,Electronics,39223,2,2024-08-20,USA
101,Monitor,Electronics,56528,12,2024-02-20,India
102,Table,Furniture,17985,13,2024-01-25,India
103,Keyboard,Electronics,71293,6,2024-08-01,UK
104,Laptop,Electronics,15866,9,2024-06-28,Germany
105,Headphones,Electronics,48677,18,2024-07-15,USA
106,Laptop,Electronics,67682,5,2024-02-08,India
107,Monitor,Electronics,62546,15,2024-10-17,India
108,Phone,Electronics,18047,4,2024-03-25,India
109,Phone,Electronics,18177,12,2024-07-24,UK
110,Chair,Furniture,17569,20,2024-11-19,India
111,Laptop,Electronics,40217,19,2024-03-20,UK
112,Mouse,Electronics,48822,16,2024-12-21,Germany
113,Table,Furniture,40652,14,2024-06-14,India
114,Table,Furniture,66649,8,2024-11-03,India
115,Chair,Furniture,78693,13,2024-09-11,USA
116,Keyboard,Electronics,36129,2,2024-10-23,Germany
117,Mouse,Electronics,43271,7,2024-07-28,USA
118,Mouse,Electronics,35782,12,2024-11-06,USA
119,Chair,Furniture,36346,10,2024-01-26,India
120,Table,Furniture,53188,2,2024-08-19,USA
121,Laptop,Electronics,610,17,2024-08-05,UK
122,Mouse,Electronics,17280,3,2024-07-12,USA
123,Table,Furniture,4587,19,2024-03-05,USA
124,Keyboard,Electronics,41620,3,2024-02-11,USA
125,Phone,Electronics,60675,4,2024-02-07,Germany
126,Mouse,Electronics,65696,13,2024-10-08,USA
127,Chair,Furniture,51661,15,2024-09-09,UK
128,Mouse,Electronics,62517,9,2024-09-04,India
129,Mouse,Electronics,18075,12,2024-10-11,Germany
130,Monitor,Electronics,49195,8,2024-05-25,Germany
131,Keyboard,Electronics,47378,12,2024-04-10,Germany
132,Table,Furniture,68745,19,2024-05-04,India
133,Laptop,Electronics,68706,19,2024-10-21,USA
134,Laptop,Electronics,78093,18,2024-02-27,UK
135,Phone,Electronics,39142,18,2024-04-09,UK
136,Laptop,Electronics,4708,8,2024-04-11,India
137,Table,Furniture,63361,3,2024-02-24,India
138,Laptop,Electronics,20846,20,2024-09-25,India
139,Table,Furniture,79782,1,2024-02-25,India
140,Phone,Electronics,51207,18,2024-11-29,USA
141,Monitor,Electronics,75539,19,2024-07-11,Germany
142,Chair,Furniture,35566,3,2024-07-25,UK
143,Laptop,Electronics,50992,4,2024-11-16,UK
144,Mouse,Electronics,22975,3,2024-04-26,USA
145,Mouse,Electronics,10357,10,2024-04-08,Germany
146,Mouse,Electronics,20842,17,2024-11-01,India
147,Mouse,Electronics,25740,5,2024-10-29,UK
148,Monitor,Electronics,28873,15,2024-10-28,Germany
149,Mouse,Electronics,31009,20,2024-06-01,USA
150,Table,Furniture,50171,13,2024-09-18,Germany
151,Keyboard,Electronics,71139,4,2024-12-31,India
152,Monitor,Electronics,60730,5,2024-03-14,India
153,Keyboard,Electronics,3505,17,2024-03-20,Germany
154,Laptop,Electronics,10483,12,2024-02-10,UK
155,Headphones,Electronics,11628,6,2024-12-05,India
156,Headphones,Electronics,42462,12,2024-01-17,USA
157,Phone,Electronics,66426,3,2024-07-01,UK
158,Headphones,Electronics,72553,1,2024-12-17,India
159,Laptop,Electronics,73689,7,2024-12-31,Germany
160,Chair,Furniture,49367,3,2024-06-29,Germany
161,Mouse,Electronics,27912,15,2024-09-15,Germany
162,Keyboard,Electronics,67522,3,2024-06-04,Germany
163,Phone,Electronics,2646,3,2024-08-25,India
164,Chair,Furniture,34651,3,2024-04-26,USA
165,Table,Furniture,51351,18,2024-03-10,Germany
166,Chair,Furniture,35999,20,2024-01-01,Germany
167,Table,Furniture,71685,5,2024-05-29,India
168,Table,Furniture,19220,14,2024-10-22,Germany
169,Table,Furniture,60113,9,2024-04-03,India
170,Table,Furniture,66549,18,2024-03-28,India
171,Laptop,Electronics,76751,16,2024-08-18,India
172,Chair,Furniture,4218,10,2024-12-05,UK
173,Headphones,Electronics,22244,11,2024-12-19,Germany
174,Chair,Furniture,24360,13,2024-10-02,UK
175,Table,Furniture,8650,19,2024-06-28,India
176,Laptop,Electronics,56926,8,2024-09-10,India
177,Keyboard,Electronics,31220,2,2024-09-20,Germany
178,Mouse,Electronics,69902,4,2024-08-24,UK
179,Monitor,Electronics,16696,14,2024-02-04,USA
180,Laptop,Electronics,10817,5,2024-05-25,UK
181,Headphones,Electronics,38055,5,2024-11-23,UK
182,Mouse,Electronics,3462,1,2024-01-02,UK
183,Table,Furniture,77989,11,2024-09-15,Germany
184,Laptop,Electronics,26905,20,2024-08-30,UK
185,Keyboard,Electronics,73028,12,2024-01-11,UK
186,Headphones,Electronics,27527,19,2024-08-11,India
187,Headphones,Electronics,63315,1,2024-04-27,USA
188,Chair,Furniture,6359,2,2024-11-26,USA
189,Keyboard,Electronics,48658,14,2024-04-25,UK
190,Phone,Electronics,50452,18,2024-12-18,USA
191,Table,Furniture,24880,20,2024-05-26,UK
192,Mouse,Electronics,77951,6,2024-03-04,India
193,Laptop,Electronics,58842,13,2024-01-26,UK
194,Headphones,Electronics,26991,20,2024-08-23,USA
195,Chair,Furniture,34248,14,2024-10-01,Germany
196,Chair,Furniture,5876,10,2024-04-19,USA
197,Phone,Electronics,44530,3,2024-11-05,UK
198,Keyboard,Electronics,52558,15,2024-03-23,India
199,Monitor,Electronics,27384,13,2024-08-24,Germany
200,Keyboard,Electronics,63025,17,2024-03-09,UK
201,Mouse,Electronics,61958,15,2024-08-08,USA
202,Phone,Electronics,2059,17,2024-06-07,Germany
203,Chair,Furniture,20489,17,2024-07-09,Germany
204,Monitor,Electronics,76904,16,2024-07-31,USA
205,Monitor,Electronics,37136,9,2024-08-09,USA
206,Laptop,Electronics,72510,5,2024-04-12,Germany
207,Keyboard,Electronics,16810,1,2024-08-06,Germany
208,Monitor,Electronics,44177,16,2024-04-06,USA
209,Table,Furniture,9048,15,2024-06-15,UK
210,Monitor,Electronics,61933,15,2024-07-13,India
211,Headphones,Electronics,6850,20,2024-02-04,India
212,Chair,Furniture,39755,18,2024-06-24,Germany
213,Chair,Furniture,61027,15,2024-09-23,UK
214,Table,Furniture,67634,19,2024-01-19,USA
215,Mouse,Electronics,68619,13,2024-10-04,USA
216,Keyboard,Electronics,75877,15,2024-04-25,USA
217,Table,Furniture,20189,17,2024-10-31,India
218,Monitor,Electronics,36194,11,2024-06-09,India
219,Monitor,Electronics,17184,13,2024-01-27,India
220,Laptop,Electronics,28643,16,2024-04-19,Germany
221,Keyboard,Electronics,68872,3,2024-07-03,UK
222,Table,Furniture,72658,14,2024-02-24,India
223,Phone,Electronics,38257,9,2024-02-26,USA
224,Keyboard,Electronics,69340,18,2024-09-21,India
225,Table,Furniture,19173,10,2024-10-18,UK
226,Keyboard,Electronics,47965,15,2024-07-21,USA
227,Table,Furniture,9842,7,2024-08-25,UK
228,Chair,Furniture,40065,17,2024-06-24,Germany
229,Phone,Electronics,21578,15,2024-02-23,India
230,Mouse,Electronics,45942,7,2024-09-14,Germany
231,Monitor,Electronics,10489,6,2024-12-31,UK
232,Keyboard,Electronics,12887,13,2024-08-31,USA
233,Monitor,Electronics,17805,3,2024-05-01,India
234,Keyboard,Electronics,20891,19,2024-12-10,USA
235,Chair,Furniture,75471,13,2024-09-27,India
236,Table,Furniture,29066,11,2024-01-13,Germany
237,Monitor,Electronics,16404,8,2024-04-06,UK
238,Table,Furniture,43792,10,2024-10-06,India
239,Keyboard,Electronics,8587,15,2024-06-30,India
240,Table,Furniture,5156,18,2024-05-26,UK
241,Chair,Furniture,53359,5,2024-12-04,USA
242,Monitor,Electronics,33978,18,2024-10-16,UK
243,Mouse,Electronics,64002,3,2024-04-12,India
244,Table,Furniture,79604,11,2024-11-18,Germany
245,Table,Furniture,45503,1,2024-12-15,India
246,Laptop,Electronics,75317,18,2024-12-25,USA
247,Phone,Electronics,11228,9,2024-02-11,UK
248,Chair,Furniture,40897,8,2024-10-26,India
249,Monitor,Electronics,21891,9,2024-07-09,Germany
250,Chair,Furniture,46573,2,2024-04-11,India
251,Keyboard,Electronics,13242,13,2024-04-02,Germany
252,Chair,Furniture,22837,7,2024-06-30,India
253,Monitor,Electronics,15239,3,2024-08-28,India
254,Headphones,Electronics,36158,18,2024-11-02,USA
255,Table,Furniture,42843,18,2024-05-28,USA
256,Keyboard,Electronics,44667,6,2024-10-04,USA
257,Phone,Electronics,14189,5,2024-03-29,USA
258,Keyboard,Electronics,22460,13,2024-12-04,UK
259,Table,Furniture,31499,15,2024-06-23,USA
260,Laptop,Electronics,36540,13,2024-06-17,USA
261,Mouse,Electronics,47693,15,2024-03-28,USA
262,Laptop,Electronics,25113,7,2024-11-20,USA
263,Mouse,Electronics,48323,5,2024-04-26,UK
264,Chair,Furniture,56565,3,2024-06-14,India
265,Mouse,Electronics,46719,16,2024-11-10,USA
266,Keyboard,Electronics,8307,2,2024-09-27,USA
267,Chair,Furniture,60867,2,2024-07-31,India
268,Chair,Furniture,42213,2,2024-05-19,Germany
269,Table,Furniture,76385,11,2024-09-11,UK
270,Laptop,Electronics,41637,14,2024-06-01,Germany
271,Monitor,Electronics,71343,15,2024-12-24,UK
272,Table,Furniture,4028,19,2024-10-20,India
273,Monitor,Electronics,6962,8,2024-05-06,UK
274,Chair,Furniture,51491,4,2024-06-30,India
275,Laptop,Electronics,11300,7,2024-10-25,India
276,Keyboard,Electronics,47310,3,2024-12-29,USA
277,Chair,Furniture,42934,4,2024-08-31,India
278,Keyboard,Electronics,52842,14,2024-04-11,USA
279,Phone,Electronics,70545,7,2024-03-02,UK
280,Headphones,Electronics,62725,11,2024-05-09,India
281,Headphones,Electronics,45902,3,2024-05-28,Germany
282,Mouse,Electronics,48948,9,2024-03-30,India
283,Phone,Electronics,32030,5,2024-10-02,Germany
284,Monitor,Electronics,40223,9,2024-11-14,Germany
285,Keyboard,Electronics,50386,20,2024-08-14,Germany
286,Monitor,Electronics,12617,2,2024-07-09,Germany
287,Monitor,Electronics,77808,20,2024-05-15,USA
288,Laptop,Electronics,78318,10,2024-09-21,Germany
289,Phone,Electronics,25480,18,2024-09-10,India
290,Keyboard,Electronics,35657,18,2024-07-06,Germany
291,Monitor,Electronics,35900,3,2024-04-12,India
292,Keyboard,Electronics,69455,2,2024-03-04,India
293,Table,Furniture,59643,20,2024-03-02,India
294,Monitor,Electronics,16188,7,2024-05-05,USA
295,Headphones,Electronics,30651,6,2024-02-22,Germany
296,Keyboard,Electronics,68358,5,2024-01-02,Germany
297,Mouse,Electronics,22303,20,2024-07-21,Germany
298,Mouse,Electronics,862,8,2024-06-08,UK
299,Phone,Electronics,56608,7,2024-11-09,UK
300,Monitor,Electronics,29844,16,2024-03-19,USA
301,Mouse,Electronics,24606,11,2024-02-14,India
302,Monitor,Electronics,51392,14,2024-07-19,USA
303,Mouse,Electronics,14383,12,2024-01-13,India
304,Monitor,Electronics,4910,17,2024-05-04,USA
305,Keyboard,Electronics,19601,14,2024-09-04,Germany
306,Keyboard,Electronics,10049,2,2024-03-10,USA
307,Monitor,Electronics,63774,12,2024-10-19,UK
308,Chair,Furniture,25806,14,2024-02-07,India
309,Mouse,Electronics,35676,15,2024-10-20,UK
310,Mouse,Electronics,59422,4,2024-08-19,India
311,Headphones,Electronics,9519,6,2024-08-30,Germany
312,Phone,Electronics,33271,1,2024-11-27,India
313,Table,Furniture,66021,14,2024-06-06,Germany
314,Table,Furniture,74565,15,2024-08-05,UK
315,Laptop,Electronics,25693,8,2024-11-19,India
316,Headphones,Electronics,35114,12,2024-09-04,USA
317,Laptop,Electronics,11524,6,2024-10-23,UK
318,Phone,Electronics,53712,12,2024-02-24,USA
319,Monitor,Electronics,68446,8,2024-08-06,UK
320,Monitor,Electronics,1870,7,2024-09-30,Germany
321,Monitor,Electronics,61497,20,2024-02-06,UK
322,Laptop,Electronics,52562,4,2024-01-23,USA
323,Phone,Electronics,16069,3,2024-07-17,USA
324,Mouse,Electronics,4429,19,2024-12-13,Germany
325,Table,Furniture,13966,18,2024-07-18,India
326,Chair,Furniture,44211,18,2024-01-01,UK
327,Monitor,Electronics,35453,17,2024-05-31,UK
328,Keyboard,Electronics,8032,7,2024-01-26,USA
329,Headphones,Electronics,43017,3,2024-04-05,USA
330,Headphones,Electronics,26354,9,2024-08-04,UK
331,Headphones,Electronics,48722,18,2024-05-16,India
332,Keyboard,Electronics,40830,16,2024-09-16,Germany
333,Laptop,Electronics,20787,5,2024-03-14,UK
334,Laptop,Electronics,73053,10,2024-07-05,India
335,Chair,Furniture,29987,8,2024-11-15,India
336,Keyboard,Electronics,17423,19,2024-09-13,USA
337,Monitor,Electronics,10536,17,2024-05-16,Germany
338,Keyboard,Electronics,73503,19,2024-06-15,India
339,Keyboard,Electronics,51755,18,2024-06-19,UK
340,Table,Furniture,39665,15,2024-02-15,UK
341,Table,Furniture,64198,12,2024-08-06,UK
342,Laptop,Electronics,13163,4,2024-08-11,Germany
343,Table,Furniture,13157,13,2024-03-04,UK
344,Phone,Electronics,38455,4,2024-07-23,Germany
345,Mouse,Electronics,14060,13,2024-04-24,USA
346,Laptop,Electronics,21175,7,2024-09-03,India
347,Laptop,Electronics,67135,15,2024-12-24,USA
348,Table,Furniture,23790,10,2024-03-01,USA
349,Table,Furniture,14876,12,2024-11-29,UK
350,Chair,Furniture,55567,11,2024-03-26,India
351,Keyboard,Electronics,25562,19,2024-10-21,India
352,Table,Furniture,26638,4,2024-07-04,UK
353,Monitor,Electronics,18247,3,2024-09-12,UK
354,Mouse,Electronics,70638,2,2024-01-18,India
355,Keyboard,Electronics,42946,12,2024-07-25,UK
356,Headphones,Electronics,35040,5,2024-08-23,USA
357,Laptop,Electronics,18428,13,2024-01-16,India
358,Phone,Electronics,52726,3,2024-12-14,UK
359,Headphones,Electronics,44940,2,2024-10-22,USA
360,Headphones,Electronics,42855,11,2024-03-03,UK
361,Table,Furniture,18897,18,2024-03-24,Germany
362,Table,Furniture,7441,19,2024-07-19,India
363,Table,Furniture,1508,13,2024-10-25,UK
364,Headphones,Electronics,64552,18,2024-05-31,Germany
365,Headphones,Electronics,29658,5,2024-08-23,India
366,Headphones,Electronics,79779,11,2024-06-13,UK
367,Chair,Furniture,10619,7,2024-06-25,USA
368,Laptop,Electronics,61940,16,2024-09-01,Germany
369,Laptop,Electronics,19696,12,2024-04-27,USA
370,Monitor,Electronics,78076,18,2024-11-06,UK
371,Phone,Electronics,20108,18,2024-11-09,India
372,Phone,Electronics,64727,20,2024-04-04,India
373,Table,Furniture,31908,16,2024-03-17,India
374,Table,Furniture,31645,18,2024-04-17,India
375,Chair,Furniture,54868,7,2024-03-27,USA
376,Phone,Electronics,41005,1,2024-10-18,USA
377,Laptop,Electronics,70644,7,2024-12-24,India
378,Table,Furniture,29235,2,2024-02-08,Germany
379,Headphones,Electronics,25113,5,2024-02-21,USA
380,Mouse,Electronics,2115,15,2024-04-24,Germany
381,Chair,Furniture,3206,6,2024-11-17,UK
382,Monitor,Electronics,36984,14,2024-02-06,UK
383,Table,Furniture,40558,12,2024-01-11,India
384,Mouse,Electronics,49237,15,2024-07-23,USA
385,Headphones,Electronics,18677,19,2024-04-07,UK
386,Monitor,Electronics,26603,3,2024-01-07,Germany
387,Headphones,Electronics,48325,10,2024-11-05,Germany
388,Table,Furniture,73175,10,2024-10-29,USA
389,Table,Furniture,20076,10,2024-05-03,Germany
390,Monitor,Electronics,54788,20,2024-04-05,UK
391,Laptop,Electronics,17216,19,2024-06-22,Germany
392,Chair,Furniture,44017,12,2024-01-10,India
393,Monitor,Electronics,27492,8,2024-03-22,Germany
394,Chair,Furniture,45606,8,2024-01-14,Germany
395,Chair,Furniture,38288,9,2024-08-08,UK
396,Headphones,Electronics,63571,14,2024-08-17,India
397,Phone,Electronics,67583,18,2024-07-05,UK
398,Monitor,Electronics,62091,7,2024-11-05,USA
399,Headphones,Electronics,21659,13,2024-08-16,USA
400,Mouse,Electronics,44734,6,2024-04-25,UK
401,Headphones,Electronics,31937,17,2024-05-19,USA
402,Monitor,Electronics,33648,3,2024-10-08,USA
403,Phone,Electronics,26833,18,2024-06-05,UK
404,Headphones,Electronics,23981,17,2024-01-10,UK
405,Laptop,Electronics,50520,18,2024-06-19,UK
406,Laptop,Electronics,27611,3,2024-06-29,Germany
407,Mouse,Electronics,55397,2,2024-11-20,USA
408,Monitor,Electronics,60198,10,2024-11-23,USA
409,Headphones,Electronics,47380,11,2024-06-17,UK
410,Phone,Electronics,45698,8,2024-04-03,UK
411,Phone,Electronics,48274,8,2024-09-13,India
412,Laptop,Electronics,24894,13,2024-10-03,Germany
413,Monitor,Electronics,69029,7,2024-12-28,India
414,Monitor,Electronics,47675,20,2024-11-18,UK
415,Laptop,Electronics,39466,17,2024-01-22,USA
416,Phone,Electronics,76991,7,2024-01-09,UK
417,Chair,Furniture,64784,7,2024-05-06,Germany
418,Headphones,Electronics,21060,16,2024-05-30,India
419,Monitor,Electronics,42071,19,2024-11-28,USA
420,Headphones,Electronics,64334,12,2024-09-19,UK
421,Mouse,Electronics,78698,2,2024-10-01,India
422,Monitor,Electronics,61867,6,2024-04-27,UK
423,Table,Furniture,61460,17,2024-10-25,India
424,Phone,Electronics,71186,11,2024-09-30,UK
425,Phone,Electronics,40913,19,2024-02-26,USA
426,Table,Furniture,73749,19,2024-04-23,USA
427,Laptop,Electronics,5432,14,2024-05-26,India
428,Phone,Electronics,78270,20,2024-02-11,USA
429,Keyboard,Electronics,19263,12,2024-08-17,India
430,Keyboard,Electronics,33895,16,2024-10-12,India
431,Mouse,Electronics,25927,18,2024-12-21,UK
432,Laptop,Electronics,67733,4,2024-03-13,Germany
433,Monitor,Electronics,60712,1,2024-03-22,India
434,Headphones,Electronics,32549,17,2024-04-17,UK
435,Laptop,Electronics,68321,4,2024-09-04,UK
436,Monitor,Electronics,10058,6,2024-04-25,USA
437,Table,Furniture,59712,12,2024-06-10,UK
438,Keyboard,Electronics,41392,7,2024-08-09,USA
439,Laptop,Electronics,45778,13,2024-07-16,USA
440,Table,Furniture,65264,9,2024-06-10,UK
441,Phone,Electronics,62656,20,2024-10-17,UK
442,Phone,Electronics,77543,6,2024-08-26,India
443,Table,Furniture,7593,8,2024-01-15,India
444,Monitor,Electronics,29561,9,2024-08-29,USA
445,Mouse,Electronics,42733,15,2024-05-18,India
446,Chair,Furniture,78125,13,2024-06-12,UK
447,Chair,Furniture,44052,2,2024-05-17,UK
448,Table,Furniture,24851,11,2024-08-25,India
449,Laptop,Electronics,65711,5,2024-03-06,USA
450,Monitor,Electronics,40848,13,2024-03-12,UK
451,Table,Furniture,74642,7,2024-04-24,Germany
452,Phone,Electronics,36271,13,2024-03-22,India
453,Mouse,Electronics,17422,4,2024-05-28,USA
454,Laptop,Electronics,76968,1,2024-02-09,UK
455,Mouse,Electronics,12750,10,2024-04-07,Germany
456,Mouse,Electronics,7401,11,2024-03-18,USA
457,Keyboard,Electronics,18921,11,2024-01-23,USA
458,Headphones,Electronics,7923,9,2024-12-30,India
459,Keyboard,Electronics,63874,19,2024-08-08,USA
460,Monitor,Electronics,36593,18,2024-09-14,UK
461,Table,Furniture,45811,17,2024-07-10,Germany
462,Monitor,Electronics,71448,2,2024-05-21,Germany
463,Phone,Electronics,30415,3,2024-04-14,Germany
464,Laptop,Electronics,77556,1,2024-03-03,Germany
465,Phone,Electronics,30529,7,2024-08-02,UK
466,Chair,Furniture,11702,19,2024-07-21,Germany
467,Laptop,Electronics,27973,18,2024-09-02,UK
468,Phone,Electronics,4361,11,2024-05-09,Germany
469,Keyboard,Electronics,35653,19,2024-04-18,USA
470,Mouse,Electronics,55391,4,2024-06-28,Germany
471,Mouse,Electronics,69316,4,2024-02-17,India
472,Keyboard,Electronics,14717,5,2024-03-14,UK
473,Monitor,Electronics,47029,16,2024-01-14,UK
474,Headphones,Electronics,46108,12,2024-05-09,USA
475,Chair,Furniture,30535,18,2024-10-24,USA
476,Table,Furniture,15887,11,2024-09-13,India
477,Mouse,Electronics,37923,2,2024-03-03,UK
478,Headphones,Electronics,79164,1,2024-09-30,India
479,Chair,Furniture,29018,11,2024-04-19,UK
480,Phone,Electronics,44020,4,2024-07-19,USA
481,Chair,Furniture,76521,19,2024-10-07,USA
482,Table,Furniture,34327,9,2024-01-05,India
483,Chair,Furniture,32523,14,2024-03-07,USA
484,Laptop,Electronics,79530,6,2024-10-20,USA
485,Keyboard,Electronics,38037,14,2024-03-08,USA
486,Phone,Electronics,28804,5,2024-05-01,India
487,Table,Furniture,18689,1,2024-06-19,USA
488,Chair,Furniture,31899,9,2024-09-16,Germany
489,Monitor,Electronics,66193,6,2024-09-07,Germany
490,Monitor,Electronics,69221,13,2024-06-20,USA
491,Monitor,Electronics,20175,19,2024-03-16,India
492,Table,Furniture,17204,20,2024-06-20,Germany
493,Monitor,Electronics,52370,6,2024-08-12,India
494,Laptop,Electronics,31579,17,2024-12-22,Germany
495,Monitor,Electronics,63962,17,2024-10-30,India
496,Table,Furniture,44451,20,2024-02-28,India
497,Phone,Electronics,35007,1,2024-09-19,USA
498,Phone,Electronics,19502,10,2024-02-10,India
499,Chair,Furniture,14860,10,2024-08-20,USA
500,Headphones,Electronics,44575,15,2024-08-19,UK
501,Laptop,Electronics,31743,19,2024-11-04,USA
502,Keyboard,Electronics,71077,5,2024-12-22,USA
503,Laptop,Electronics,18965,15,2024-04-02,USA
504,Table,Furniture,75022,11,2024-01-25,USA
505,Monitor,Electronics,52014,18,2024-01-14,Germany
506,Monitor,Electronics,32047,6,2024-01-11,Germany
507,Table,Furniture,47236,3,2024-10-07,India
508,Chair,Furniture,64906,17,2024-06-19,India
509,Keyboard,Electronics,4281,18,2024-05-26,Germany
510,Table,Furniture,70850,8,2024-07-14,Germany
511,Table,Furniture,31929,4,2024-08-26,India
512,Table,Furniture,11921,9,2024-08-03,Germany
513,Chair,Furniture,46313,14,2024-05-16,Germany
514,Table,Furniture,19078,15,2024-12-12,Germany
515,Keyboard,Electronics,23132,13,2024-02-09,USA
516,Headphones,Electronics,4999,14,2024-05-18,USA
517,Table,Furniture,56890,8,2024-11-29,USA
518,Mouse,Electronics,44570,6,2024-12-23,Germany
519,Table,Furniture,70033,11,2024-12-26,Germany
520,Monitor,Electronics,9800,18,2024-06-22,India
521,Chair,Furniture,63272,19,2024-08-10,India
522,Mouse,Electronics,1298,11,2024-02-17,India
523,Phone,Electronics,14900,6,2024-09-11,UK
524,Mouse,Electronics,24353,4,2024-06-02,UK
525,Mouse,Electronics,52041,6,2024-12-03,Germany
526,Chair,Furniture,18458,1,2024-11-16,UK
527,Monitor,Electronics,59209,20,2024-03-29,USA
528,Mouse,Electronics,20943,3,2024-04-07,UK
529,Laptop,Electronics,7490,14,2024-03-13,Germany
530,Mouse,Electronics,56852,13,2024-12-02,USA
531,Mouse,Electronics,17675,11,2024-10-26,India
532,Laptop,Electronics,16619,10,2024-09-02,India
533,Headphones,Electronics,48982,17,2024-03-27,Germany
534,Table,Furniture,2754,11,2024-01-02,UK
535,Laptop,Electronics,51220,3,2024-03-07,India
536,Mouse,Electronics,19572,8,2024-05-06,UK
537,Monitor,Electronics,54723,19,2024-10-05,USA
538,Mouse,Electronics,79347,19,2024-04-05,UK
539,Keyboard,Electronics,10493,9,2024-02-02,USA
540,Table,Furniture,36205,1,2024-06-17,Germany
541,Mouse,Electronics,60569,13,2024-05-11,Germany
542,Monitor,Electronics,75082,5,2024-06-18,UK
543,Monitor,Electronics,44396,18,2024-04-01,USA
544,Mouse,Electronics,50211,19,2024-10-07,UK
545,Keyboard,Electronics,50653,2,2024-10-11,USA
546,Chair,Furniture,3527,16,2024-05-01,India
547,Chair,Furniture,55447,18,2024-04-02,Germany
548,Monitor,Electronics,49122,16,2024-10-13,UK
549,Keyboard,Electronics,66373,8,2024-08-09,India
550,Headphones,Electronics,10225,18,2024-03-24,India
551,Chair,Furniture,10467,15,2024-01-30,USA
552,Laptop,Electronics,40184,6,2024-12-24,India
553,Keyboard,Electronics,61478,8,2024-12-06,Germany
554,Chair,Furniture,42404,18,2024-01-16,Germany
555,Monitor,Electronics,67227,7,2024-01-28,USA
556,Phone,Electronics,1616,1,2024-01-01,USA
557,Phone,Electronics,38615,7,2024-07-03,India
558,Phone,Electronics,61574,10,2024-07-28,UK
559,Keyboard,Electronics,20887,9,2024-07-14,India
560,Keyboard,Electronics,77859,11,2024-06-14,USA
561,Laptop,Electronics,31904,10,2024-10-09,Germany
562,Keyboard,Electronics,5229,4,2024-11-13,India
563,Keyboard,Electronics,56947,1,2024-07-08,UK
564,Headphones,Electronics,27430,4,2024-04-09,USA
565,Mouse,Electronics,23910,13,2024-11-24,UK
566,Headphones,Electronics,61082,17,2024-05-01,Germany
567,Chair,Furniture,40010,5,2024-05-02,USA
568,Headphones,Electronics,58881,11,2024-11-03,Germany
569,Laptop,Electronics,15409,17,2024-08-11,UK
570,Phone,Electronics,21041,14,2024-01-31,UK
571,Mouse,Electronics,77619,20,2024-10-15,USA
572,Phone,Electronics,57166,18,2024-10-14,USA
573,Monitor,Electronics,50899,20,2024-06-11,UK
574,Phone,Electronics,63819,1,2024-11-04,India
575,Headphones,Electronics,42684,8,2024-09-03,Germany
576,Table,Furniture,21566,12,2024-02-21,Germany
577,Keyboard,Electronics,18767,10,2024-10-15,India
578,Phone,Electronics,36724,1,2024-06-19,India
579,Monitor,Electronics,57269,20,2024-02-05,USA
580,Keyboard,Electronics,32386,1,2024-03-21,USA
581,Keyboard,Electronics,14518,14,2024-06-10,Germany
582,Chair,Furniture,48044,15,2024-10-17,India
583,Chair,Furniture,27497,20,2024-06-11,Germany
584,Laptop,Electronics,41822,9,2024-09-17,USA
585,Monitor,Electronics,16966,3,2024-07-06,USA
586,Table,Furniture,53016,4,2024-06-14,UK
587,Table,Furniture,11946,20,2024-06-21,Germany
588,Table,Furniture,33752,8,2024-12-29,India
589,Keyboard,Electronics,52413,2,2024-10-15,India
590,Chair,Furniture,65602,17,2024-06-09,Germany
591,Mouse,Electronics,35354,9,2024-10-18,Germany
592,Headphones,Electronics,44952,1,2024-03-06,India
593,Monitor,Electronics,44966,18,2024-09-01,USA
594,Keyboard,Electronics,6714,18,2024-11-03,UK
595,Chair,Furniture,68670,16,2024-10-20,India
596,Keyboard,Electronics,15047,17,2024-05-08,India
597,Keyboard,Electronics,41233,9,2024-09-20,USA
598,Laptop,Electronics,21880,8,2024-07-22,USA
599,Laptop,Electronics,67965,15,2024-06-25,Germany
600,Monitor,Electronics,58406,19,2024-08-09,Germany
601,Headphones,Electronics,32590,4,2024-01-07,India
602,Table,Furniture,38974,3,2024-04-30,UK
603,Table,Furniture,2823,6,2024-05-13,USA
604,Phone,Electronics,34355,18,2024-10-25,UK
605,Laptop,Electronics,41634,18,2024-10-13,India
606,Laptop,Electronics,26722,1,2024-02-05,India
607,Monitor,Electronics,73096,11,2024-10-07,USA
608,Laptop,Electronics,10898,7,2024-11-14,UK
609,Headphones,Electronics,77969,6,2024-09-12,Germany
610,Laptop,Electronics,3332,3,2024-10-02,UK
611,Headphones,Electronics,58531,6,2024-01-09,UK
612,Mouse,Electronics,13952,4,2024-06-30,Germany
613,Chair,Furniture,15789,5,2024-07-06,Germany
614,Headphones,Electronics,24544,4,2024-11-07,UK
615,Table,Furniture,59884,17,2024-01-14,Germany
616,Monitor,Electronics,73566,6,2024-08-09,India
617,Laptop,Electronics,75687,4,2024-07-08,India
618,Keyboard,Electronics,66870,15,2024-12-13,Germany
619,Phone,Electronics,25143,11,2024-11-28,USA
620,Monitor,Electronics,46801,5,2024-12-11,India
621,Mouse,Electronics,20802,7,2024-09-12,Germany
622,Phone,Electronics,66740,14,2024-03-22,Germany
623,Chair,Furniture,28178,18,2024-05-24,UK
624,Keyboard,Electronics,18891,1,2024-11-18,Germany
625,Mouse,Electronics,50551,11,2024-02-04,UK
626,Keyboard,Electronics,14715,19,2024-05-21,UK
627,Headphones,Electronics,25035,16,2024-12-03,Germany
628,Keyboard,Electronics,78289,20,2024-11-29,Germany
629,Table,Furniture,31805,17,2024-04-04,Germany
630,Phone,Electronics,32857,7,2024-12-28,India
631,Mouse,Electronics,30979,9,2024-03-10,UK
632,Chair,Furniture,78548,1,2024-09-01,UK
633,Headphones,Electronics,56137,13,2024-03-25,UK
634,Phone,Electronics,18962,12,2024-12-31,USA
635,Laptop,Electronics,60648,11,2024-05-28,UK
636,Table,Furniture,18118,5,2024-11-27,USA
637,Chair,Furniture,67225,14,2024-03-29,India
638,Keyboard,Electronics,18661,14,2024-11-07,India
639,Headphones,Electronics,60190,15,2024-03-15,Germany
640,Laptop,Electronics,17789,5,2024-10-06,India
641,Headphones,Electronics,5894,6,2024-04-15,Germany
642,Monitor,Electronics,76524,10,2024-04-11,India
643,Mouse,Electronics,37942,6,2024-06-12,India
644,Monitor,Electronics,71281,11,2024-09-25,India
645,Phone,Electronics,54213,19,2024-04-13,USA
646,Monitor,Electronics,76394,6,2024-04-15,USA
647,Laptop,Electronics,78378,16,2024-05-07,Germany
648,Phone,Electronics,23225,3,2024-03-12,Germany
649,Laptop,Electronics,6739,15,2024-06-21,UK
650,Keyboard,Electronics,39913,16,2024-10-29,India
651,Headphones,Electronics,55887,7,2024-04-17,UK
652,Mouse,Electronics,7840,2,2024-06-28,Germany
653,Chair,Furniture,53712,14,2024-08-18,USA
654,Phone,Electronics,71956,15,2024-02-12,Germany
655,Keyboard,Electronics,37140,2,2024-03-04,USA
656,Table,Furniture,50954,14,2024-04-04,India
657,Chair,Furniture,39459,19,2024-02-29,USA
658,Chair,Furniture,46967,4,2024-06-18,UK
659,Laptop,Electronics,50125,4,2024-08-15,USA
660,Phone,Electronics,15861,8,2024-12-09,USA
661,Phone,Electronics,5106,3,2024-06-13,UK
662,Chair,Furniture,49829,10,2024-07-28,Germany
663,Laptop,Electronics,71241,12,2024-01-31,India
664,Laptop,Electronics,32214,8,2024-04-10,India
665,Table,Furniture,24989,13,2024-07-18,USA
666,Table,Furniture,61147,9,2024-06-14,USA
667,Table,Furniture,42718,10,2024-09-07,India
668,Chair,Furniture,33055,11,2024-02-08,India
669,Monitor,Electronics,24499,2,2024-05-08,UK
670,Mouse,Electronics,30815,3,2024-05-28,UK
671,Headphones,Electronics,66254,6,2024-06-27,USA
672,Mouse,Electronics,30486,1,2024-11-14,India
673,Laptop,Electronics,24485,7,2024-03-18,India
674,Chair,Furniture,67218,3,2024-10-10,India
675,Phone,Electronics,16397,1,2024-02-05,USA
676,Chair,Furniture,32665,9,2024-11-07,India
677,Monitor,Electronics,50322,2,2024-01-11,India
678,Phone,Electronics,59110,1,2024-02-07,India
679,Headphones,Electronics,61271,11,2024-12-26,UK
680,Headphones,Electronics,25595,19,2024-05-28,USA
681,Mouse,Electronics,77447,14,2024-12-19,USA
682,Monitor,Electronics,66929,5,2024-12-15,USA
683,Table,Furniture,3589,5,2024-02-16,USA
684,Monitor,Electronics,53451,19,2024-09-30,USA
685,Keyboard,Electronics,63091,3,2024-04-12,Germany
686,Laptop,Electronics,66695,4,2024-11-08,USA
687,Monitor,Electronics,24905,5,2024-04-18,USA
688,Monitor,Electronics,42867,8,2024-09-24,India
689,Keyboard,Electronics,12336,18,2024-07-06,Germany
690,Monitor,Electronics,71414,1,2024-08-01,UK
691,Headphones,Electronics,72825,9,2024-11-09,India
692,Mouse,Electronics,28639,19,2024-02-22,India
693,Mouse,Electronics,2434,10,2024-07-15,India
694,Monitor,Electronics,62659,17,2024-04-10,Germany
695,Phone,Electronics,67611,5,2024-02-21,India
696,Laptop,Electronics,77889,17,2024-04-26,UK
697,Headphones,Electronics,28154,17,2024-11-06,USA
698,Phone,Electronics,75726,4,2024-09-08,Germany
699,Mouse,Electronics,27025,9,2024-07-25,Germany
700,Keyboard,Electronics,23265,3,2024-01-21,USA
701,Laptop,Electronics,49432,11,2024-07-05,USA
702,Keyboard,Electronics,24640,17,2024-09-18,Germany
703,Table,Furniture,63091,16,2024-10-26,USA
704,Mouse,Electronics,29253,19,2024-07-29,Germany
705,Monitor,Electronics,35911,14,2024-01-08,Germany
706,Table,Furniture,38465,3,2024-10-12,UK
707,Headphones,Electronics,15604,16,2024-09-23,Germany
708,Table,Furniture,27590,20,2024-05-08,India
709,Monitor,Electronics,32524,14,2024-02-25,Germany
710,Keyboard,Electronics,48069,14,2024-06-06,Germany
711,Headphones,Electronics,72707,10,2024-08-20,India
712,Phone,Electronics,46968,7,2024-11-24,India
713,Chair,Furniture,14758,2,2024-04-12,India
714,Laptop,Electronics,46983,20,2024-06-25,USA
715,Table,Furniture,23116,10,2024-09-21,Germany
716,Table,Furniture,1249,20,2024-09-15,USA
717,Headphones,Electronics,17179,10,2024-11-25,Germany
718,Laptop,Electronics,20270,20,2024-09-23,Germany
719,Monitor,Electronics,32325,3,2024-02-11,USA
720,Chair,Furniture,5019,12,2024-07-19,Germany
721,Laptop,Electronics,957,10,2024-03-29,UK
722,Chair,Furniture,14670,2,2024-11-22,USA
723,Table,Furniture,67769,6,2024-02-21,India
724,Mouse,Electronics,21070,13,2024-03-30,Germany
725,Headphones,Electronics,5163,7,2024-04-05,Germany
726,Phone,Electronics,17597,17,2024-01-16,USA
727,Headphones,Electronics,53869,7,2024-12-18,USA
728,Laptop,Electronics,6460,12,2024-02-20,UK
729,Keyboard,Electronics,32622,10,2024-03-31,UK
730,Laptop,Electronics,31455,6,2024-04-29,UK
731,Chair,Furniture,3938,20,2024-04-04,Germany
732,Chair,Furniture,57255,2,2024-04-24,India
733,Phone,Electronics,36881,5,2024-04-14,USA
734,Chair,Furniture,72568,1,2024-01-14,USA
735,Laptop,Electronics,41791,8,2024-01-22,UK
736,Table,Furniture,50949,17,2024-09-21,UK
737,Keyboard,Electronics,13259,7,2024-08-30,Germany
738,Chair,Furniture,73495,5,2024-03-02,UK
739,Headphones,Electronics,34078,8,2024-04-02,Germany
740,Chair,Furniture,17760,10,2024-10-31,UK
741,Monitor,Electronics,57202,5,2024-06-21,India
742,Headphones,Electronics,10468,3,2024-02-11,USA
743,Mouse,Electronics,1386,19,2024-05-21,India
744,Chair,Furniture,14560,8,2024-01-07,USA
745,Headphones,Electronics,78938,1,2024-05-16,UK
746,Headphones,Electronics,10640,9,2024-03-17,Germany
747,Laptop,Electronics,42641,6,2024-05-26,India
748,Laptop,Electronics,11309,1,2024-08-23,USA
749,Keyboard,Electronics,7533,9,2024-07-23,UK
750,Monitor,Electronics,53511,8,2024-12-28,UK
751,Table,Furniture,39749,6,2024-07-10,Germany
752,Chair,Furniture,71732,10,2024-07-10,India
753,Phone,Electronics,56421,2,2024-09-20,UK
754,Keyboard,Electronics,54219,17,2024-12-17,Germany
755,Headphones,Electronics,73618,7,2024-12-28,Germany
756,Monitor,Electronics,71228,20,2024-01-12,Germany
757,Table,Furniture,35008,4,2024-09-16,India
758,Chair,Furniture,44924,14,2024-09-17,Germany
759,Phone,Electronics,68676,16,2024-06-01,Germany
760,Keyboard,Electronics,61852,16,2024-02-07,USA
761,Keyboard,Electronics,49094,16,2024-09-12,Germany
762,Chair,Furniture,68757,6,2024-03-23,UK
763,Keyboard,Electronics,40900,4,2024-08-28,Germany
764,Keyboard,Electronics,34520,19,2024-04-20,India
765,Headphones,Electronics,68759,2,2024-07-13,Germany
766,Keyboard,Electronics,9997,14,2024-01-05,USA
767,Keyboard,Electronics,27322,17,2024-09-09,UK
768,Mouse,Electronics,46064,2,2024-09-29,USA
769,Laptop,Electronics,6116,17,2024-08-03,Germany
770,Monitor,Electronics,59903,14,2024-08-21,Germany
771,Phone,Electronics,79021,10,2024-08-26,USA
772,Monitor,Electronics,68499,1,2024-12-10,UK
773,Keyboard,Electronics,40715,18,2024-04-01,Germany
774,Mouse,Electronics,68452,1,2024-07-10,UK
775,Laptop,Electronics,77449,17,2024-03-09,Germany
776,Phone,Electronics,39659,4,2024-11-09,India
777,Headphones,Electronics,12435,12,2024-08-11,USA
778,Headphones,Electronics,76618,4,2024-10-04,USA
779,Phone,Electronics,10807,19,2024-08-02,UK
780,Keyboard,Electronics,48925,15,2024-08-19,USA
781,Monitor,Electronics,30409,4,2024-07-28,UK
782,Phone,Electronics,50312,17,2024-07-18,Germany
783,Mouse,Electronics,74514,1,2024-03-01,India
784,Keyboard,Electronics,75672,19,2024-02-18,USA
785,Keyboard,Electronics,50127,7,2024-07-30,Germany
786,Laptop,Electronics,25014,14,2024-07-18,UK
787,Keyboard,Electronics,65228,3,2024-06-01,UK
788,Chair,Furniture,30632,10,2024-09-21,USA
789,Chair,Furniture,55815,8,2024-01-07,Germany
790,Monitor,Electronics,15997,11,2024-03-15,USA
791,Chair,Furniture,66132,1,2024-07-21,India
792,Chair,Furniture,58888,5,2024-12-22,USA
793,Monitor,Electronics,10447,12,2024-08-31,UK
794,Phone,Electronics,28570,16,2024-12-09,Germany
795,Chair,Furniture,26836,18,2024-05-26,India
796,Laptop,Electronics,43438,13,2024-04-17,USA
797,Mouse,Electronics,5580,19,2024-10-21,USA
798,Mouse,Electronics,46394,17,2024-01-13,UK
799,Chair,Furniture,60886,14,2024-07-19,Germany
800,Keyboard,Electronics,78340,20,2024-02-06,Germany
801,Headphones,Electronics,28463,16,2024-11-21,UK
802,Mouse,Electronics,6381,12,2024-01-15,USA
803,Keyboard,Electronics,73413,4,2024-12-16,UK
804,Laptop,Electronics,39034,2,2024-01-17,UK
805,Mouse,Electronics,12346,6,2024-04-22,India
806,Table,Furniture,11413,1,2024-05-10,India
807,Headphones,Electronics,66062,7,2024-07-07,USA
808,Headphones,Electronics,12821,9,2024-02-07,Germany
809,Chair,Furniture,21013,12,2024-04-20,USA
810,Keyboard,Electronics,24186,20,2024-12-12,Germany
811,Mouse,Electronics,42311,2,2024-08-24,UK
812,Keyboard,Electronics,67920,19,2024-11-17,USA
813,Table,Furniture,43945,18,2024-04-21,Germany
814,Mouse,Electronics,79885,8,2024-06-05,Germany
815,Chair,Furniture,4050,12,2024-10-07,Germany
816,Table,Furniture,59276,16,2024-02-04,UK
817,Monitor,Electronics,52050,16,2024-11-14,UK
818,Headphones,Electronics,50341,9,2024-07-18,USA
819,Laptop,Electronics,23006,5,2024-12-05,USA
820,Table,Furniture,61618,17,2024-01-21,UK
821,Keyboard,Electronics,33625,10,2024-12-08,Germany
822,Mouse,Electronics,2713,4,2024-03-23,UK
823,Laptop,Electronics,25612,9,2024-03-09,India
824,Monitor,Electronics,59200,4,2024-12-02,India
825,Laptop,Electronics,66872,16,2024-04-04,UK
826,Keyboard,Electronics,25670,5,2024-11-03,India
827,Table,Furniture,53407,11,2024-12-03,UK
828,Headphones,Electronics,7104,20,2024-07-12,India
829,Chair,Furniture,75500,5,2024-11-01,Germany
830,Headphones,Electronics,79635,5,2024-10-30,USA
831,Monitor,Electronics,57374,14,2024-02-27,USA
832,Chair,Furniture,6129,16,2024-09-19,India
833,Monitor,Electronics,7384,13,2024-04-26,Germany
834,Keyboard,Electronics,24472,5,2024-06-26,USA
835,Chair,Furniture,14284,2,2024-02-02,Germany
836,Phone,Electronics,66970,19,2024-06-12,UK
837,Table,Furniture,70560,8,2024-07-17,USA
838,Chair,Furniture,33887,12,2024-02-06,USA
839,Monitor,Electronics,45666,10,2024-05-03,UK
840,Mouse,Electronics,73598,1,2024-10-25,UK
841,Phone,Electronics,72017,1,2024-05-30,UK
842,Laptop,Electronics,38361,1,2024-11-30,India
843,Chair,Furniture,44895,4,2024-04-30,Germany
844,Phone,Electronics,32767,5,2024-04-13,UK
845,Laptop,Electronics,21504,2,2024-10-11,Germany
846,Keyboard,Electronics,3207,6,2024-06-28,Germany
847,Phone,Electronics,79334,4,2024-11-03,Germany
848,Table,Furniture,31986,11,2024-05-05,Germany
849,Phone,Electronics,56686,9,2024-09-12,UK
850,Mouse,Electronics,13124,11,2024-05-06,UK
851,Monitor,Electronics,42495,16,2024-08-21,USA
852,Mouse,Electronics,19225,4,2024-01-30,UK
853,Phone,Electronics,43057,3,2024-11-23,Germany
854,Monitor,Electronics,66358,19,2024-08-09,USA
855,Table,Furniture,71913,14,2024-02-01,Germany
856,Chair,Furniture,45403,16,2024-07-26,UK
857,Headphones,Electronics,40478,8,2024-05-03,Germany
858,Headphones,Electronics,45035,17,2024-01-21,India
859,Laptop,Electronics,64400,17,2024-06-10,UK
860,Mouse,Electronics,60495,16,2024-09-17,Germany
861,Mouse,Electronics,45397,15,2024-09-08,UK
862,Table,Furniture,48419,20,2024-07-05,UK
863,Keyboard,Electronics,38151,3,2024-11-25,India
864,Phone,Electronics,43050,14,2024-04-23,India
865,Headphones,Electronics,66554,19,2024-03-09,Germany
866,Monitor,Electronics,24268,4,2024-04-06,USA
867,Chair,Furniture,73544,3,2024-04-22,Germany
868,Chair,Furniture,61257,9,2024-10-06,USA
869,Table,Furniture,60411,2,2024-10-19,India
870,Mouse,Electronics,40200,4,2024-10-31,Germany
871,Keyboard,Electronics,43326,12,2024-05-19,USA
872,Mouse,Electronics,12231,12,2024-05-18,India
873,Headphones,Electronics,55310,10,2024-09-06,India
874,Chair,Furniture,9041,10,2024-08-21,USA
875,Phone,Electronics,33240,1,2024-01-22,UK
876,Headphones,Electronics,64284,14,2024-04-13,India
877,Phone,Electronics,61479,13,2024-03-30,USA
878,Laptop,Electronics,14165,18,2024-10-29,USA
879,Monitor,Electronics,54799,13,2024-12-10,Germany
880,Keyboard,Electronics,16321,13,2024-04-26,UK
881,Table,Furniture,43160,16,2024-07-12,UK
882,Chair,Furniture,74858,4,2024-11-15,India
883,Phone,Electronics,31919,2,2024-05-25,USA
884,Phone,Electronics,76580,17,2024-10-29,India
885,Monitor,Electronics,4392,13,2024-10-09,UK
886,Monitor,Electronics,78077,17,2024-03-16,India
887,Laptop,Electronics,39011,9,2024-11-18,USA
888,Headphones,Electronics,56698,3,2024-11-03,Germany
889,Laptop,Electronics,56080,2,2024-08-19,India
890,Monitor,Electronics,35417,2,2024-10-09,USA
891,Phone,Electronics,12831,7,2024-04-19,UK
892,Phone,Electronics,78491,9,2024-07-07,Germany
893,Mouse,Electronics,11511,20,2024-07-31,India
894,Laptop,Electronics,10738,11,2024-09-07,USA
895,Phone,Electronics,45526,10,2024-07-26,UK
896,Table,Furniture,42546,17,2024-05-20,UK
897,Chair,Furniture,60685,4,2024-01-31,UK
898,Phone,Electronics,4508,19,2024-12-30,India
899,Monitor,Electronics,45951,18,2024-08-13,Germany
900,Phone,Electronics,7006,12,2024-11-23,USA
901,Table,Furniture,58149,5,2024-10-25,Germany
902,Monitor,Electronics,73011,4,2024-02-26,USA
903,Chair,Furniture,15950,1,2024-06-02,India
904,Headphones,Electronics,47889,5,2024-01-01,UK
905,Table,Furniture,2276,6,2024-10-08,India
906,Keyboard,Electronics,39242,4,2024-12-01,USA
907,Monitor,Electronics,63178,1,2024-09-08,UK
908,Monitor,Electronics,64845,13,2024-09-17,UK
909,Table,Furniture,33667,20,2024-10-06,India
910,Laptop,Electronics,43128,12,2024-02-23,USA
911,Headphones,Electronics,21556,18,2024-04-04,UK
912,Laptop,Electronics,60739,4,2024-02-08,Germany
913,Keyboard,Electronics,42365,13,2024-07-31,Germany
914,Chair,Furniture,43731,8,2024-12-09,India
915,Headphones,Electronics,42835,8,2024-03-11,Germany
916,Laptop,Electronics,56305,2,2024-01-24,Germany
917,Headphones,Electronics,68435,19,2024-08-22,Germany
918,Laptop,Electronics,2622,11,2024-12-08,USA
919,Mouse,Electronics,36486,15,2024-10-05,USA
920,Keyboard,Electronics,20830,8,2024-01-01,Germany
921,Phone,Electronics,58935,4,2024-12-25,India
922,Chair,Furniture,76825,9,2024-05-03,India
923,Keyboard,Electronics,14907,12,2024-12-05,Germany
924,Monitor,Electronics,70493,9,2024-09-10,UK
925,Headphones,Electronics,35263,13,2024-01-02,UK
926,Laptop,Electronics,32326,15,2024-09-18,Germany
927,Keyboard,Electronics,21393,19,2024-07-24,India
928,Phone,Electronics,12322,20,2024-11-05,USA
929,Table,Furniture,58426,18,2024-04-28,Germany
930,Laptop,Electronics,70238,4,2024-01-19,India
931,Mouse,Electronics,29001,5,2024-10-24,Germany
932,Headphones,Electronics,39853,14,2024-09-02,Germany
933,Chair,Furniture,53540,5,2024-02-18,USA
934,Chair,Furniture,63023,16,2024-02-02,UK
935,Mouse,Electronics,32130,5,2024-02-01,UK
936,Laptop,Electronics,35553,20,2024-12-09,UK
937,Chair,Furniture,65027,17,2024-02-03,Germany
938,Keyboard,Electronics,10542,17,2024-05-07,India
939,Phone,Electronics,53900,17,2024-11-29,Germany
940,Phone,Electronics,1103,10,2024-04-15,USA
941,Monitor,Electronics,38108,19,2024-04-21,UK
942,Mouse,Electronics,22218,14,2024-02-23,USA
943,Laptop,Electronics,22535,17,2024-04-08,India
944,Chair,Furniture,37114,12,2024-01-27,UK
945,Mouse,Electronics,20927,6,2024-03-15,UK
946,Chair,Furniture,13898,14,2024-01-09,Germany
947,Phone,Electronics,78881,7,2024-07-31,UK
948,Mouse,Electronics,18753,17,2024-12-14,Germany
949,Chair,Furniture,73492,20,2024-03-21,Germany
950,Chair,Furniture,70957,7,2024-01-16,USA
951,Headphones,Electronics,68896,4,2024-06-20,Germany
952,Chair,Furniture,20843,18,2024-09-18,USA
953,Monitor,Electronics,20887,3,2024-09-01,India
954,Mouse,Electronics,55897,3,2024-06-20,USA
955,Monitor,Electronics,23766,4,2024-02-23,UK
956,Mouse,Electronics,22096,1,2024-03-06,UK
957,Chair,Furniture,77332,4,2024-02-10,Germany
958,Table,Furniture,73549,19,2024-09-06,UK
959,Laptop,Electronics,17841,16,2024-12-31,Germany
960,Laptop,Electronics,624,18,2024-10-29,Germany
961,Monitor,Electronics,57239,13,2024-10-27,India
962,Keyboard,Electronics,5683,14,2024-01-02,India
963,Laptop,Electronics,31419,7,2024-11-01,UK
964,Chair,Furniture,13304,18,2024-12-11,UK
965,Chair,Furniture,40730,6,2024-09-27,India
966,Laptop,Electronics,26871,4,2024-09-27,UK
967,Chair,Furniture,44860,18,2024-10-10,USA
968,Chair,Furniture,20975,8,2024-10-27,Germany
969,Table,Furniture,60770,13,2024-06-22,Germany
970,Phone,Electronics,68402,8,2024-07-08,USA
971,Monitor,Electronics,19715,8,2024-12-13,Germany
972,Mouse,Electronics,72319,16,2024-11-08,USA
973,Monitor,Electronics,45058,2,2024-05-25,USA
974,Chair,Furniture,66058,20,2024-05-02,UK
975,Laptop,Electronics,3911,15,2024-02-26,India
976,Chair,Furniture,76112,12,2024-11-21,India
977,Laptop,Electronics,18136,8,2024-11-18,UK
978,Keyboard,Electronics,43109,4,2024-11-29,USA
979,Keyboard,Electronics,11417,1,2024-11-29,USA
980,Mouse,Electronics,24780,20,2024-08-15,USA
981,Laptop,Electronics,63176,5,2024-06-23,Germany
982,Phone,Electronics,38377,15,2024-01-12,UK
983,Keyboard,Electronics,39920,14,2024-09-27,UK
984,Chair,Furniture,10105,19,2024-11-15,Germany
985,Headphones,Electronics,64777,12,2024-04-29,UK
986,Chair,Furniture,6206,20,2024-03-06,India
987,Monitor,Electronics,72534,10,2024-01-06,Germany
988,Table,Furniture,50510,1,2024-10-17,UK
989,Chair,Furniture,47352,17,2024-04-21,India
990,Headphones,Electronics,38392,5,2024-07-29,India
991,Chair,Furniture,27209,15,2024-09-12,India
992,Phone,Electronics,75889,4,2024-07-12,India
993,Monitor,Electronics,9930,17,2024-10-16,UK
994,Monitor,Electronics,26469,4,2024-03-27,India
995,Laptop,Electronics,20250,14,2024-03-26,India
996,Monitor,Electronics,44635,11,2024-08-08,India
997,Chair,Furniture,67633,20,2024-06-28,UK
998,Mouse,Electronics,40059,10,2024-01-19,USA
999,Keyboard,Electronics,67162,17,2024-03-12,USA
1000,Chair,Furniture,58585,3,2024-11-06,USA
